EpochTime,CurrentPlaybackTime,CurrentBufferSize,CurrentPlaybackState,Action,Bitrate
0,0.0,0,INITIAL_BUFFERING,Starting,0
0,0.0,0,INITIAL_BUFFERING,Starting,0
0.00588536262512207,0.0,1,PLAY,InitialBuffering-Play,0
0.006212472915649414,0.0,0,PLAY,StillPlaying,3076288
0.005665779113769531,0.0,0,PLAY,Writing,3076288
4.022159576416016,4.009966135025024,0,BUFFERING,Play-Buffering,0
5.651334285736084,4.009966135025024,1,PLAY,Buffering-Play,0
5.650987863540649,4.009966135025024,1,PLAY,Writing,4693728
5.6517603397369385,4.009966135025024,0,PLAY,StillPlaying,4693728
9.696453094482422,8.012873411178589,0,BUFFERING,Play-Buffering,0
11.384692192077637,8.012873411178589,1,PLAY,Buffering-Play,0
11.384421110153198,8.012873411178589,1,PLAY,Writing,6072928
11.385164499282837,8.012873411178589,0,PLAY,StillPlaying,6072928
15.38705325126648,12.01360559463501,0,BUFFERING,Play-Buffering,0
18.172340631484985,12.01360559463501,1,BUFFERING,Writing,9180128
18.17295265197754,12.01360559463501,1,PLAY,Buffering-Play,0
18.17339777946472,12.01360559463501,0,PLAY,StillPlaying,9180128
22.22050929069519,16.01481866836548,0,BUFFERING,Play-Buffering,0
24.448281288146973,16.01481866836548,1,PLAY,Buffering-Play,0
24.447924375534058,16.01481866836548,1,BUFFERING,Writing,9180128
24.448918342590332,16.01481866836548,0,PLAY,StillPlaying,9180128
33.03572082519531,19.98292350769043,1,PLAY,Writing,9180128
33.68424844741821,19.98292350769043,2,PLAY,Writing,9180128
33.72543382644653,20.015082359313965,1,PLAY,StillPlaying,9180128
34.667961835861206,20.12843108177185,2,PLAY,Writing,20250352
44.914222717285156,24.016306400299072,1,PLAY,StillPlaying,9180128
63.263756275177,24.997339248657227,2,PLAY,Writing,40388528
64.29487013816833,24.997339248657227,3,PLAY,Writing,40388528
66.70812153816223,25.051955461502075,4,PLAY,Writing,40388528
67.8475546836853,25.051955461502075,5,PLAY,Writing,40388528
87.94860339164734,26.312227249145508,6,PLAY,Writing,40388528
88.66813373565674,26.312227249145508,7,PLAY,Writing,40388528
90.73296642303467,27.455385208129883,8,PLAY,Writing,40388528
91.23530268669128,27.455385208129883,9,PLAY,Writing,40388528
102.26503801345825,27.78057360649109,10,PLAY,Writing,40388528
102.41852331161499,27.78057360649109,11,PLAY,Writing,40388528
103.85886335372925,28.016830444335938,10,PLAY,StillPlaying,20250352
114.86451029777527,28.017214059829712,11,PLAY,Writing,40388528
118.248122215271,28.983959674835205,12,PLAY,Writing,40388528
118.51188278198242,28.983959674835205,13,PLAY,Writing,40388528
121.14191317558289,30.37823247909546,14,PLAY,Writing,40388528
121.88446807861328,30.37823247909546,15,PLAY,Writing,40388528
123.22125220298767,31.711645126342773,16,PLAY,Writing,40388528
123.52883648872375,32.0194628238678,15,PLAY,StillPlaying,40388528
138.33533644676208,32.02445340156555,16,PLAY,Writing,40388528
138.88731360435486,32.02445340156555,17,PLAY,Writing,40388528
141.08302092552185,33.56986713409424,18,PLAY,Writing,40388528
141.08418345451355,33.56986713409424,19,PLAY,Writing,40388528
144.0484778881073,36.02448081970215,18,PLAY,StillPlaying,40388528
145.3977246284485,37.37374544143677,19,PLAY,Writing,40388528
148.04919910430908,40.025187253952026,18,PLAY,StillPlaying,40388528
158.61723494529724,40.025481939315796,19,PLAY,Writing,40388528
158.61853647232056,40.025481939315796,20,PLAY,Writing,40388528
173.82141995429993,41.041199922561646,21,PLAY,Writing,40388528
173.8224174976349,41.041199922561646,22,PLAY,Writing,40388528
175.4474630355835,42.3538293838501,23,PLAY,Writing,40388528
176.66508507728577,43.36687111854553,24,PLAY,Writing,40388528
177.41539454460144,44.02562069892883,23,PLAY,StillPlaying,40388528
189.27601432800293,44.49218988418579,24,PLAY,Writing,40388528
189.27705001831055,44.49218988418579,25,PLAY,Writing,40388528
192.06006741523743,45.22468161582947,26,PLAY,Writing,40388528
192.06102895736694,45.22468161582947,27,PLAY,Writing,40388528
195.48031425476074,46.157397508621216,28,PLAY,Writing,40388528
195.7923355102539,46.157397508621216,29,PLAY,Writing,40388528
198.53313994407654,47.45806646347046,30,PLAY,Writing,40388528
199.106769323349,48.02623462677002,29,PLAY,StillPlaying,40388528
209.98845744132996,48.026535987854004,30,PLAY,Writing,40388528
209.98960328102112,48.026535987854004,31,PLAY,Writing,40388528
215.59177160263062,51.22539567947388,32,PLAY,Writing,40388528
215.5928440093994,51.22539567947388,33,PLAY,Writing,40388528
216.52718901634216,52.02660346031189,32,PLAY,StillPlaying,40388528
218.77485990524292,54.27430295944214,33,PLAY,Writing,40388528
220.52759194374084,56.02700853347778,32,PLAY,StillPlaying,40388528
231.44377303123474,56.02736020088196,33,PLAY,Writing,40388528
231.44519543647766,56.02736020088196,34,PLAY,Writing,40388528
241.58440399169922,56.6116418838501,35,PLAY,Writing,40388528
241.58574151992798,56.6116418838501,36,PLAY,Writing,40388528
246.61806869506836,58.290334701538086,37,PLAY,Writing,40388528
246.6190161705017,58.290334701538086,38,PLAY,Writing,40388528
247.09823060035706,58.757776498794556,39,PLAY,Writing,40388528
249.03461503982544,59.618921518325806,40,PLAY,Writing,40388528
249.41657900810242,60.000274658203125,40,END,TheEnd,0
249.49274325370789,60.000274658203125,41,END,Writing,40388528
